country,fullName,id,nationalPoliticalGroup,politicalGroup
Sweden,Lars ADAKTUSSON,124990,Kristdemokraterna,Group of the European People's Party (Christian Democrats)
Italy,Isabella ADINOLFI,124831,Movimento 5 Stelle,Europe of Freedom and Direct Democracy Group
Italy,Marco AFFRONTE,124797,Movimento 5 Stelle,Group of the Greens/European Free Alliance
Italy,Laura AGEA,124811,Movimento 5 Stelle,Europe of Freedom and Direct Democracy Group
United Kingdom,John Stuart AGNEW,96897,United Kingdom Independence Party,Europe of Freedom and Direct Democracy Group
Spain,Clara Eugenia AGUILERA GARCÍA,125045,Partido Socialista Obrero Español,Group of the Progressive Alliance of Socialists and Democrats in the European Parliament
Italy,Daniela AIUTO,124842,Movimento 5 Stelle,Europe of Freedom and Direct Democracy Group
United Kingdom,Tim AKER,99650,United Kingdom Independence Party,Europe of Freedom and Direct Democracy Group
Spain,Marina ALBIOL GUZMÁN,125048,Izquierda Unida,Confederal Group of the European United Left - Nordic Green Left
Germany,Jan Philipp ALBRECHT,96736,Bündnis 90/Die Grünen,Group of the Greens/European Free Alliance
Bulgaria,Nedzhmi ALI,34250,Movement for Rights and Freedoms,Group of the Alliance of Liberals and Democrats for Europe
France,Louis ALIOT,30190,Front national,Europe of Nations and Freedom Group
France,Michèle ALLIOT-MARIE,1179,Les Républicains,Group of the European People's Party (Christian Democrats)
United Kingdom,Lucy ANDERSON,124949,Labour Party,Group of the Progressive Alliance of Socialists and Democrats in the European Parliament
United Kingdom,Martina ANDERSON,113959,Sinn Fein,Confederal Group of the European United Left - Nordic Green Left
Sweden,Max ANDERSSON,124994,Miljöpartiet de gröna,Group of the Greens/European Free Alliance
France,Eric ANDRIEU,113892,Parti socialiste,Group of the Progressive Alliance of Socialists and Democrats in the European Parliament
Lithuania,Laima Liucija ANDRIKIENĖ,28276,Tėvynės sąjunga-Lietuvos krikščionys demokratai,Group of the European People's Party (Christian Democrats)
Greece,Nikos ANDROULAKIS,125110,Panhellenic Socialist Movement - Olive Tree,Group of the Progressive Alliance of Socialists and Democrats in the European Parliament
Belgium,Gerolf ANNEMANS,124973,Vlaams Belang,Europe of Nations and Freedom Group
Belgium,Maria ARENA,124936,Parti Socialiste,Group of the Progressive Alliance of Socialists and Democrats in the European Parliament
Belgium,Pascal ARIMONT,24922,Christlich Soziale Partei,Group of the European People's Party (Christian Democrats)
France,Marie-Christine ARNAUTU,124748,Front national,Europe of Nations and Freedom Group
United Kingdom,Jonathan ARNOTT,124958,United Kingdom Independence Party,Europe of Freedom and Direct Democracy Group
France,Jean ARTHUIS,124773,Union des Démocrates et Indépendants,Group of the Alliance of Liberals and Democrats for Europe
United Kingdom,Richard ASHWORTH,28132,Conservative Party,European Conservatives and Reformists Group
Portugal,Francisco ASSIS,28307,Partido Socialista,Group of the Progressive Alliance of Socialists and Democrats in the European Parliament
United Kingdom,Janice ATKINSON,124938,-,Europe of Nations and Freedom Group
Denmark,Margrete AUKEN,28161,Socialistisk Folkeparti,Group of the Greens/European Free Alliance
Lithuania,Petras AUŠTREVIČIUS,124766,Lietuvos Respublikos liberalų sąjūdis,Group of the Alliance of Liberals and Democrats for Europe
Spain,Inés AYALA SENDER,28292,Partido Socialista Obrero Español,Group of the Progressive Alliance of Socialists and Democrats in the European Parliament
Spain,Pilar AYUSO,4319,Partido Popular,Group of the European People's Party (Christian Democrats)
Netherlands,Johannes Cornelis van BAALEN,96937,Volkspartij voor Vrijheid en Democratie,Group of the Alliance of Liberals and Democrats for Europe
Luxembourg,Georges BACH,97293,Parti chrétien social luxembourgeois,Group of the European People's Party (Christian Democrats)
France,Guillaume BALAS,124744,Parti socialiste,Group of the Progressive Alliance of Socialists and Democrats in the European Parliament
Lithuania,Zigmantas BALČYTIS,96680,Lietuvos socialdemokratų partija,Group of the Progressive Alliance of Socialists and Democrats in the European Parliament
Hungary,Zoltán BALCZÓ,96877,Jobbik Magyarországért Mozgalom,Non-attached Members
Germany,Burkhard BALZ,96997,Christlich Demokratische Union Deutschlands,Group of the European People's Party (Christian Democrats)
Bulgaria,Nikolay BAREKOV,124871,Reload Bulgaria Party,European Conservatives and Reformists Group
United Kingdom,Amjad BASHIR,124956,Conservative Party,European Conservatives and Reformists Group
United Kingdom,Gerard BATTEN,28497,United Kingdom Independence Party,Europe of Freedom and Direct Democracy Group
France,Nicolas BAY,124760,Front national,Europe of Nations and Freedom Group
Belgium,Hugues BAYET,125002,Parti Socialiste,Group of the Progressive Alliance of Socialists and Democrats in the European Parliament
United Kingdom,Catherine BEARDER,96955,Liberal Democrats,Group of the Alliance of Liberals and Democrats for Europe
Spain,Beatriz BECERRA BASTERRECHEA,125040,Independiente,Group of the Alliance of Liberals and Democrats for Europe
Austria,Heinz K. BECKER,107041,Österreichische Volkspartei,Group of the European People's Party (Christian Democrats)
Italy,Tiziana BEGHIN,124777,Movimento 5 Stelle,Europe of Freedom and Direct Democracy Group
Netherlands,Bas BELDER,4507,Staatkundig Gereformeerde Partij,European Conservatives and Reformists Group
Belgium,Ivo BELET,28257,Christen-Democratisch & Vlaams,Group of the European People's Party (Christian Democrats)
Denmark,Bendt BENDTSEN,96705,Det Konservative Folkeparti,Group of the European People's Party (Christian Democrats)
Italy,Brando BENIFEI,124867,Partito Democratico,Group of the Progressive Alliance of Socialists and Democrats in the European Parliament
Spain,Xabier BENITO ZILUAGA,135490,PODEMOS,Confederal Group of the European United Left - Nordic Green Left
France,Pervenche BERÈS,1985,Parti socialiste,Group of the Progressive Alliance of Socialists and Democrats in the European Parliament
France,Joëlle BERGERON,124740,Sans étiquette,Europe of Freedom and Direct Democracy Group
Italy,Goffredo Maria BETTINI,124819,Partito Democratico,Group of the Progressive Alliance of Socialists and Democrats in the European Parliament
Spain,Izaskun BILBAO BARANDICA,96922,Partido Nacionalista Vasco,Group of the Alliance of Liberals and Democrats for Europe
France,Dominique BILDE,124771,Front national,Europe of Nations and Freedom Group
Italy,Mara BIZZOTTO,97198,Lega Nord,Europe of Nations and Freedom Group
Sweden,Malin BJÖRK,124992,Vänsterpartiet,Confederal Group of the European United Left - Nordic Green Left
Spain,José BLANCO LÓPEZ,125044,Partido Socialista Obrero Español,Group of the Progressive Alliance of Socialists and Democrats in the European Parliament
Lithuania,Vilija BLINKEVIČIŪTĖ,96681,Lietuvos socialdemokratų partija,Group of the Progressive Alliance of Socialists and Democrats in the European Parliament
Hungary,Andrea BOCSKOR,124712,Fidesz-Magyar Polgári Szövetség-Keresztény Demokrata Néppárt,Group of the European People's Party (Christian Democrats)
Germany,Reimer BÖGE,1037,Christlich Demokratische Union Deutschlands,Group of the European People's Party (Christian Democrats)
Slovenia,Franc BOGOVIČ,125004,Slovenska ljudska stranka,Group of the European People's Party (Christian Democrats)
Italy,Simona BONAFÈ,124814,Partito Democratico,Group of the Progressive Alliance of Socialists and Democrats in the European Parliament
Poland,Michał BONI,124896,Platforma Obywatelska,Group of the European People's Party (Christian Democrats)
Italy,Mario BORGHEZIO,21817,Lega Nord,Europe of Nations and Freedom Group
Italy,David BORRELLI,124796,Movimento 5 Stelle,Europe of Freedom and Direct Democracy Group
Croatia,Biljana BORZAN,112748,Socijaldemokratska partija Hrvatske,Group of the Progressive Alliance of Socialists and Democrats in the European Parliament
Romania,Victor BOŞTINARU,39711,Partidul Social Democrat,Group of the Progressive Alliance of Socialists and Democrats in the European Parliament
United Kingdom,Louise BOURS,124964,United Kingdom Independence Party,Europe of Freedom and Direct Democracy Group
France,Marie-Christine BOUTONNET,124753,Front national,Europe of Nations and Freedom Group
France,José BOVÉ,96744,Europe Écologie,Group of the Greens/European Free Alliance
Ireland,Lynn BOYLAN,124984,Sinn Féin,Confederal Group of the European United Left - Nordic Green Left
United Kingdom,Paul BRANNEN,124954,Labour Party,Group of the Progressive Alliance of Socialists and Democrats in the European Parliament
Italy,Mercedes BRESSO,28346,Partito Democratico,Group of the Progressive Alliance of Socialists and Democrats in the European Parliament
Italy,Renata BRIANO,124787,Partito Democratico,Group of the Progressive Alliance of Socialists and Democrats in the European Parliament
France,Steeve BRIOIS,124757,Front national,Europe of Nations and Freedom Group
Germany,Elmar BROK,1263,Christlich Demokratische Union Deutschlands,Group of the European People's Party (Christian Democrats)
Germany,Klaus BUCHNER,124818,Ökologisch-Demokratische Partei,Group of the Greens/European Free Alliance
Romania,Daniel BUDA,125012,Partidul Naţional Liberal,Group of the European People's Party (Christian Democrats)
Germany,Udo BULLMANN,4267,Sozialdemokratische Partei Deutschlands,Group of the Progressive Alliance of Socialists and Democrats in the European Parliament
Romania,Cristian-Silviu BUŞOI,38420,Partidul Naţional Liberal,Group of the European People's Party (Christian Democrats)
Germany,Reinhard BÜTIKOFER,96739,Bündnis 90/Die Grünen,Group of the Greens/European Free Alliance
Poland,Jerzy BUZEK,28269,Platforma Obywatelska,Group of the European People's Party (Christian Democrats)
Spain,Soledad CABEZÓN RUIZ,125041,Partido Socialista Obrero Español,Group of the Progressive Alliance of Socialists and Democrats in the European Parliament
France,Alain CADEC,96849,Les Républicains,Group of the European People's Party (Christian Democrats)
Spain,Enrique CALVET CHAMBON,129407,Independiente,Group of the Alliance of Liberals and Democrats for Europe
Netherlands,Wim van de CAMP,96754,Christen Democratisch Appèl,Group of the European People's Party (Christian Democrats)
United Kingdom,David CAMPBELL BANNERMAN,96912,Conservative Party,European Conservatives and Reformists Group
Italy,Nicola CAPUTO,124851,Partito Democratico,Group of the Progressive Alliance of Socialists and Democrats in the European Parliament
Ireland,Matt CARTHY,124986,Sinn Féin,Confederal Group of the European United Left - Nordic Green Left
United Kingdom,James CARVER,124971,United Kingdom Independence Party,Europe of Freedom and Direct Democracy Group
Malta,David CASA,28122,Partit Nazzjonalista,Group of the European People's Party (Christian Democrats)
Germany,Daniel CASPARY,28219,Christlich Demokratische Union Deutschlands,Group of the European People's Party (Christian Democrats)
Italy,Fabio Massimo CASTALDO,124812,Movimento 5 Stelle,Europe of Freedom and Direct Democracy Group
Spain,Pilar del CASTILLO VERA,28390,Partido Popular,Group of the European People's Party (Christian Democrats)
France,Jean-Marie CAVADA,28206,Génération Citoyens,Group of the Alliance of Liberals and Democrats for Europe
Italy,Lorenzo CESA,28451,Unione di Centro,Group of the European People's Party (Christian Democrats)
Czech Republic,Dita CHARANZOVÁ,124708,ANO 2011,Group of the Alliance of Liberals and Democrats for Europe
France,Aymeric CHAUPRADE,124752,Les Français Libres,Non-attached Members
Ireland,Nessa CHILDERS,96603,Independent,Group of the Progressive Alliance of Socialists and Democrats in the European Parliament
Italy,Caterina CHINNICI,124861,Partito Democratico,Group of the Progressive Alliance of Socialists and Democrats in the European Parliament
Greece,Nikolaos CHOUNTIS,26851,Popular Unity,Confederal Group of the European United Left - Nordic Green Left
Denmark,Ole CHRISTENSEN,28154,Socialdemokratiet,Group of the Progressive Alliance of Socialists and Democrats in the European Parliament
Cyprus,Lefteris CHRISTOFOROU,26837,Democratic Rally,Group of the European People's Party (Christian Democrats)
Greece,Kostas CHRYSOGONOS,125061,Coalition of the Radical Left,Confederal Group of the European United Left - Nordic Green Left
Italy,Salvatore CICU,124854,Forza Italia,Group of the European People's Party (Christian Democrats)
Italy,Angelo CIOCCA,183793,Lega Nord,Europe of Nations and Freedom Group
Italy,Alberto CIRIO,124772,Forza Italia,Group of the European People's Party (Christian Democrats)
Ireland,Deirdre CLUNE,124988,Fine Gael Party,Group of the European People's Party (Christian Democrats)
United Kingdom,David COBURN,124967,United Kingdom Independence Party,Europe of Freedom and Direct Democracy Group
Portugal,Carlos COELHO,1892,Partido Social Democrata,Group of the European People's Party (Christian Democrats)
Italy,Sergio Gaetano COFFERATI,96915,-,Group of the Progressive Alliance of Socialists and Democrats in the European Parliament
Germany,Birgit COLLIN-LANGEN,112788,Christlich Demokratische Union Deutschlands,Group of the European People's Party (Christian Democrats)
United Kingdom,Jane COLLINS,124955,United Kingdom Independence Party,Europe of Freedom and Direct Democracy Group
Italy,Lara COMI,96775,Forza Italia,Group of the European People's Party (Christian Democrats)
Malta,Therese COMODINI CACHIA,124968,Partit Nazzjonalista,Group of the European People's Party (Christian Democrats)
Sweden,Anna Maria CORAZZA BILDT,96674,Moderaterna,Group of the European People's Party (Christian Democrats)
United Kingdom,Richard CORBETT,2309,Labour Party,Group of the Progressive Alliance of Socialists and Democrats in the European Parliament
Italy,Ignazio CORRAO,124856,Movimento 5 Stelle,Europe of Freedom and Direct Democracy Group
Italy,Silvia COSTA,96917,Partito Democratico,Group of the Progressive Alliance of Socialists and Democrats in the European Parliament
Spain,Javier COUSO PERMUY,125997,Izquierda Unida,Confederal Group of the European United Left - Nordic Green Left
Italy,Andrea COZZOLINO,96880,Partito Democratico,Group of the Progressive Alliance of Socialists and Democrats in the European Parliament
Germany,Michael CRAMER,28238,Bündnis 90/Die Grünen,Group of the Greens/European Free Alliance
Romania,Andi CRISTEA,40224,Partidul Social Democrat,Group of the Progressive Alliance of Socialists and Democrats in the European Parliament
Ireland,Brian CROWLEY,2109,Fianna Fáil Party,European Conservatives and Reformists Group
Slovakia,Pál CSÁKY,124930,Strana mad'arskej komunity- Magyar Közösség Pártja,Group of the European People's Party (Christian Democrats)
Poland,Ryszard CZARNECKI,28372,Prawo i Sprawiedliwość,European Conservatives and Reformists Group
Poland,Edward CZESAK,132925,Prawo i Sprawiedliwość,European Conservatives and Reformists Group
Netherlands,Peter van DALEN,96809,ChristenUnie,European Conservatives and Reformists Group
Malta,Miriam DALLI,124970,Partit Laburista,Group of the Progressive Alliance of Socialists and Democrats in the European Parliament
United Kingdom,Daniel DALTON,35135,Conservative Party,European Conservatives and Reformists Group
Sweden,Jakop DALUNDE,183338,Miljöpartiet de gröna,Group of the Greens/European Free Alliance
Italy,Rosa D'AMATO,124835,Movimento 5 Stelle,Europe of Freedom and Direct Democracy Group
United Kingdom,Seb DANCE,124952,Labour Party,Group of the Progressive Alliance of Socialists and Democrats in the European Parliament
Romania,Viorica DĂNCILĂ,95281,Partidul Social Democrat,Group of the Progressive Alliance of Socialists and Democrats in the European Parliament
France,Arnaud DANJEAN,96747,Les Républicains,Group of the European People's Party (Christian Democrats)
Italy,Nicola DANTI,124821,Partito Democratico,Group of the Progressive Alliance of Socialists and Democrats in the European Parliament
France,Michel DANTIN,97296,Les Républicains,Group of the European People's Party (Christian Democrats)
United Kingdom,William (The Earl of) DARTMOUTH,96958,United Kingdom Independence Party,Europe of Freedom and Direct Democracy Group
France,Rachida DATI,72775,Les Républicains,Group of the European People's Party (Christian Democrats)
Italy,Paolo DE CASTRO,96891,Partito Democratico,Group of the Progressive Alliance of Socialists and Democrats in the European Parliament
France,Angélique DELAHAYE,124732,Les Républicains,Group of the European People's Party (Christian Democrats)
Hungary,Andor DELI,124714,Fidesz-Magyar Polgári Szövetség-Keresztény Demokrata Néppárt,Group of the European People's Party (Christian Democrats)
France,Karima DELLI,96868,Europe Écologie,Group of the Greens/European Free Alliance
Luxembourg,Mady DELVAUX,124776,Parti ouvrier socialiste luxembourgeois,Group of the Progressive Alliance of Socialists and Democrats in the European Parliament
Germany,Fabio DE MASI,124858,DIE LINKE.,Confederal Group of the European United Left - Nordic Green Left
Belgium,Mark DEMESMAEKER,117477,Nieuw-Vlaamse Alliantie,European Conservatives and Reformists Group
Italy,Isabella DE MONTE,124803,Partito Democratico,Group of the Progressive Alliance of Socialists and Democrats in the European Parliament
France,Jean-Paul DENANOT,94282,Parti socialiste,Group of the Progressive Alliance of Socialists and Democrats in the European Parliament
Belgium,Gérard DEPREZ,1473,Mouvement Réformateur,Group of the Alliance of Liberals and Democrats for Europe
Germany,Albert DESS,28228,Christlich-Soziale Union in Bayern e.V.,Group of the European People's Party (Christian Democrats)
Hungary,Tamás DEUTSCH,96826,Fidesz-Magyar Polgári Szövetség-Keresztény Demokrata Néppárt,Group of the European People's Party (Christian Democrats)
United Kingdom,Nirj DEVA,4556,Conservative Party,European Conservatives and Reformists Group
Romania,Mircea DIACONU,124805,Independent,Group of the Alliance of Liberals and Democrats for Europe
Spain,Agustín DÍAZ DE MERA GARCÍA CONSUEGRA,28397,Partido Popular,Group of the European People's Party (Christian Democrats)
Czech Republic,Martina DLABAJOVÁ,124709,ANO 2011,Group of the Alliance of Liberals and Democrats for Europe
United Kingdom,Anneliese DODDS,124969,Labour Party,Group of the Progressive Alliance of Socialists and Democrats in the European Parliament
United Kingdom,Diane DODDS,96951,Democratic Unionist Party,Non-attached Members
Denmark,Jørn DOHRMANN,124878,Dansk Folkeparti,European Conservatives and Reformists Group
Italy,Herbert DORFMANN,96787,Südtiroler Volkspartei (Partito popolare sudtirolese),Group of the European People's Party (Christian Democrats)
France,Mireille D'ORNANO,124750,Front national,Europe of Nations and Freedom Group
Romania,Damian DRĂGHICI,124786,Independent,Group of the Progressive Alliance of Socialists and Democrats in the European Parliament
United Kingdom,Ian DUNCAN,124960,Conservative Party,European Conservatives and Reformists Group
France,Pascal DURAND,124693,Europe Écologie,Group of the Greens/European Free Alliance
Bulgaria,Angel DZHAMBAZKI,124873,VMRO,European Conservatives and Reformists Group
Germany,Stefan ECK,124863,Independent,Confederal Group of the European United Left - Nordic Green Left
Germany,Christian EHLER,28226,Christlich Demokratische Union Deutschlands,Group of the European People's Party (Christian Democrats)
Netherlands,Bas EICKHOUT,96725,GroenLinks,Group of the Greens/European Free Alliance
Luxembourg,Frank ENGEL,96876,Parti chrétien social luxembourgeois,Group of the European People's Party (Christian Democrats)
Sweden,Linnéa ENGSTRÖM,128588,Miljöpartiet de gröna,Group of the Greens/European Free Alliance
Greece,Georgios EPITIDEIOS,125071,Popular Association – Golden Dawn,Non-attached Members
Hungary,Norbert ERDŐS,124711,Fidesz-Magyar Polgári Szövetség-Keresztény Demokrata Néppárt,Group of the European People's Party (Christian Democrats)
Germany,Cornelia ERNST,96852,DIE LINKE.,Confederal Group of the European United Left - Nordic Green Left
Germany,Ismail ERTUG,96842,Sozialdemokratische Partei Deutschlands,Group of the Progressive Alliance of Socialists and Democrats in the European Parliament
Spain,Rosa ESTARÀS FERRAGUT,96811,Partido Popular,Group of the European People's Party (Christian Democrats)
United Kingdom,Bill ETHERIDGE,124951,United Kingdom Independence Party,Europe of Freedom and Direct Democracy Group
United Kingdom,Jill EVANS,4550,Plaid Cymru - Party of Wales,Group of the Greens/European Free Alliance
Italy,Eleonora EVI,124779,Movimento 5 Stelle,Europe of Freedom and Direct Democracy Group
Slovenia,Tanja FAJON,96911,Socialni demokrati,Group of the Progressive Alliance of Socialists and Democrats in the European Parliament
United Kingdom,Nigel FARAGE,4525,United Kingdom Independence Party,Europe of Freedom and Direct Democracy Group
Portugal,José Inácio FARIA,125101,Partido da Terra,Group of the European People's Party (Christian Democrats)
Sweden,Fredrick FEDERLEY,124989,Centerpartiet,Group of the Alliance of Liberals and Democrats for Europe
Germany,Markus FERBER,1917,Christlich-Soziale Union in Bayern e.V.,Group of the European People's Party (Christian Democrats)
Portugal,José Manuel FERNANDES,96899,Partido Social Democrata,Group of the European People's Party (Christian Democrats)
Spain,Jonás FERNÁNDEZ,125046,Partido Socialista Obrero Español,Group of the Progressive Alliance of Socialists and Democrats in the European Parliament
France,Edouard FERRAND,124767,Front national,Europe of Nations and Freedom Group
Italy,Laura FERRARA,124833,Movimento 5 Stelle,Europe of Freedom and Direct Democracy Group
Portugal,João FERREIRA,96706,Partido Comunista Português,Confederal Group of the European United Left - Nordic Green Left
United Kingdom,Raymond FINCH,124941,United Kingdom Independence Party,Europe of Freedom and Direct Democracy Group
Spain,Santiago FISAS AYXELÀ,96729,Partido Popular,Group of the European People's Party (Christian Democrats)
Italy,Raffaele FITTO,4465,Conservatori e Riformisti,European Conservatives and Reformists Group
Sweden,Christofer FJELLNER,28126,Moderaterna,Group of the European People's Party (Christian Democrats)
Ireland,Luke Ming FLANAGAN,124985,Independent,Confederal Group of the European United Left - Nordic Green Left
Slovakia,Monika FLAŠÍKOVÁ BEŇOVÁ,23868,SMER-Sociálna demokracia,Group of the Progressive Alliance of Socialists and Democrats in the European Parliament
Germany,Knut FLECKENSTEIN,96840,Sozialdemokratische Partei Deutschlands,Group of the Progressive Alliance of Socialists and Democrats in the European Parliament
Germany,Karl-Heinz FLORENZ,1038,Christlich Demokratische Union Deutschlands,Group of the European People's Party (Christian Democrats)
Italy,Lorenzo FONTANA,96993,Lega Nord,Europe of Nations and Freedom Group
United Kingdom,Vicky FORD,96949,Conservative Party,European Conservatives and Reformists Group
Italy,Eleonora FORENZA,125193,Lista Tsipras-L'Altra Europa,Confederal Group of the European United Left - Nordic Green Left
United Kingdom,Jacqueline FOSTER,4553,Conservative Party,European Conservatives and Reformists Group
Poland,Anna Elżbieta FOTYGA,28353,Prawo i Sprawiedliwość,European Conservatives and Reformists Group
Greece,Lampros FOUNTOULIS,125070,Popular Association – Golden Dawn,Non-attached Members
United Kingdom,Ashley FOX,96957,Conservative Party,European Conservatives and Reformists Group
Austria,Eugen FREUND,125018,Sozialdemokratische Partei Österreichs,Group of the Progressive Alliance of Socialists and Democrats in the European Parliament
Romania,Doru-Claudian FRUNZULICĂ,124790,Partidul Social Democrat,Group of the Progressive Alliance of Socialists and Democrats in the European Parliament
Bulgaria,Mariya GABRIEL,96848,Citizens for European Development of Bulgaria,Group of the European People's Party (Christian Democrats)
Germany,Michael GAHLER,2341,Christlich Demokratische Union Deutschlands,Group of the European People's Party (Christian Democrats)
Hungary,Kinga GÁL,28150,Fidesz-Magyar Polgári Szövetség-Keresztény Demokrata Néppárt,Group of the European People's Party (Christian Democrats)
Hungary,Ildikó GÁLL-PELCZ,102886,Fidesz-Magyar Polgári Szövetség-Keresztény Demokrata Néppárt,Group of the European People's Party (Christian Democrats)
Spain,Francesc GAMBÚS,125006,-,Group of the European People's Party (Christian Democrats)
Spain,Iratxe GARCÍA PÉREZ,28298,Partido Socialista Obrero Español,Group of the Progressive Alliance of Socialists and Democrats in the European Parliament
Spain,Eider GARDIAZABAL RUBIAL,96991,Partido Socialista Obrero Español,Group of the Progressive Alliance of Socialists and Democrats in the European Parliament
Italy,Elisabetta GARDINI,58758,Forza Italia,Group of the European People's Party (Christian Democrats)
Italy,Enrico GASBARRA,124817,Partito Democratico,Group of the Progressive Alliance of Socialists and Democrats in the European Parliament
Germany,Evelyne GEBHARDT,1913,Sozialdemokratische Partei Deutschlands,Group of the Progressive Alliance of Socialists and Democrats in the European Parliament
Germany,Jens GEIER,96833,Sozialdemokratische Partei Deutschlands,Group of the Progressive Alliance of Socialists and Democrats in the European Parliament
Italy,Elena GENTILE,124847,Partito Democratico,Group of the Progressive Alliance of Socialists and Democrats in the European Parliament
Netherlands,Gerben-Jan GERBRANDY,96940,Democraten 66,Group of the Alliance of Liberals and Democrats for Europe
Germany,Arne GERICKE,124815,Familien-Partei Deutschlands,European Conservatives and Reformists Group
Poland,Lidia Joanna GERINGER de OEDENBERG,28377,Bezpartyjna,Group of the Progressive Alliance of Socialists and Democrats in the European Parliament
Germany,Sven GIEGOLD,96730,Bündnis 90/Die Grünen,Group of the Greens/European Free Alliance
Poland,Adam GIEREK,28379,Unia Pracy,Group of the Progressive Alliance of Socialists and Democrats in the European Parliament
Germany,Jens GIESEKE,124807,Christlich Demokratische Union Deutschlands,Group of the European People's Party (Christian Democrats)
United Kingdom,Neena GILL,4533,Labour Party,Group of the Progressive Alliance of Socialists and Democrats in the European Parliament
United Kingdom,Nathan GILL,124965,United Kingdom Independence Party,Europe of Freedom and Direct Democracy Group
Spain,María Teresa GIMÉNEZ BARBAT,135491,-,Group of the Alliance of Liberals and Democrats for Europe
United Kingdom,Julie GIRLING,96956,Conservative Party,European Conservatives and Reformists Group
Italy,Michela GIUFFRIDA,124864,Partito Democratico,Group of the Progressive Alliance of Socialists and Democrats in the European Parliament
France,Sylvie GODDYN,21331,Front national,Europe of Nations and Freedom Group
Luxembourg,Charles GOERENS,840,Parti démocratique,Group of the Alliance of Liberals and Democrats for Europe
France,Bruno GOLLNISCH,1164,Front national,Non-attached Members
Portugal,Ana GOMES,28306,Partido Socialista,Group of the Progressive Alliance of Socialists and Democrats in the European Parliament
Spain,Tania GONZÁLEZ PEÑAS,127330,PODEMOS,Confederal Group of the European United Left - Nordic Green Left
Spain,Esteban GONZÁLEZ PONS,125027,Partido Popular,Group of the European People's Party (Christian Democrats)
Poland,Beata GOSIEWSKA,124900,Prawo i Sprawiedliwość,European Conservatives and Reformists Group
Netherlands,Marcel de GRAAFF,125025,Partij voor de Vrijheid,Europe of Nations and Freedom Group
Greece,Giorgos GRAMMATIKAKIS,125112,The River,Group of the Progressive Alliance of Socialists and Democrats in the European Parliament
Spain,Luis de GRANDES PASCUAL,28393,Partido Popular,Group of the European People's Party (Christian Democrats)
Romania,Maria GRAPINI,124785,Partidul Puterii Umaniste,Group of the Progressive Alliance of Socialists and Democrats in the European Parliament
Germany,Ingeborg GRÄSSLE,28220,Christlich Demokratische Union Deutschlands,Group of the European People's Party (Christian Democrats)
Austria,Karoline GRASWANDER-HAINZ,133316,Sozialdemokratische Partei Österreichs,Group of the Progressive Alliance of Socialists and Democrats in the European Parliament
France,Nathalie GRIESBECK,28208,Mouvement Démocrate,Group of the Alliance of Liberals and Democrats for Europe
United Kingdom,Theresa GRIFFIN,124961,Labour Party,Group of the Progressive Alliance of Socialists and Democrats in the European Parliament
Latvia,Iveta GRIGULE,124745,Zaļo un Zemnieku savienība,Group of the Alliance of Liberals and Democrats for Europe
France,Françoise GROSSETÊTE,2025,Les Républicains,Group of the European People's Party (Christian Democrats)
Poland,Andrzej GRZYB,23785,Polskie Stronnictwo Ludowe,Group of the European People's Party (Christian Democrats)
Italy,Roberto GUALTIERI,96892,Partito Democratico,Group of the Progressive Alliance of Socialists and Democrats in the European Parliament
Spain,Enrique GUERRERO SALOM,96768,Partido Socialista Obrero Español,Group of the Progressive Alliance of Socialists and Democrats in the European Parliament
France,Sylvie GUILLAUME,96952,Parti socialiste,Group of the Progressive Alliance of Socialists and Democrats in the European Parliament
Lithuania,Antanas GUOGA,124763,Independent,Group of the European People's Party (Christian Democrats)
Sweden,Jytte GUTELAND,124991,Arbetarepartiet- Socialdemokraterna,Group of the Progressive Alliance of Socialists and Democrats in the European Parliament
Spain,Sergio GUTIÉRREZ PRIETO,103488,Partido Socialista Obrero Español,Group of the Progressive Alliance of Socialists and Democrats in the European Parliament
Hungary,András GYÜRK,23816,Fidesz-Magyar Polgári Szövetség-Keresztény Demokrata Néppárt,Group of the European People's Party (Christian Democrats)
Cyprus,Takis HADJIGEORGIOU,96907,Progressive Party of Working People - Left - New Forces,Confederal Group of the European United Left - Nordic Green Left
Finland,Jussi HALLA-AHO,124727,Perussuomalaiset,European Conservatives and Reformists Group
Germany,Thomas HÄNDEL,96851,DIE LINKE.,Confederal Group of the European United Left - Nordic Green Left
United Kingdom,Daniel HANNAN,4555,Conservative Party,European Conservatives and Reformists Group
Ireland,Marian HARKIN,28116,Independent,Group of the Alliance of Liberals and Democrats for Europe
Germany,Rebecca HARMS,28233,Bündnis 90/Die Grünen,Group of the Greens/European Free Alliance
Germany,Martin HÄUSLING,96752,Bündnis 90/Die Grünen,Group of the Greens/European Free Alliance
Finland,Heidi HAUTALA,2054,Vihreä liitto,Group of the Greens/European Free Alliance
Ireland,Brian HAYES,118658,Fine Gael Party,Group of the European People's Party (Christian Democrats)
Netherlands,Anja HAZEKAMP,125023,Partij voor de Dieren,Confederal Group of the European United Left - Nordic Green Left
Sweden,Anna HEDH,28131,Arbetarepartiet- Socialdemokraterna,Group of the Progressive Alliance of Socialists and Democrats in the European Parliament
United Kingdom,Roger HELMER,4516,United Kingdom Independence Party,Europe of Freedom and Direct Democracy Group
Germany,Hans-Olaf HENKEL,124823,Liberal-Conservative Refomists,European Conservatives and Reformists Group
Spain,Esther HERRANZ GARCÍA,22418,Partido Popular,Group of the European People's Party (Christian Democrats)
Poland,Krzysztof HETMAN,124895,Polskie Stronnictwo Ludowe,Group of the European People's Party (Christian Democrats)
Germany,Maria HEUBUCH,124848,Bündnis 90/Die Grünen,Group of the Greens/European Free Alliance
Poland,Czesław HOC,135540,Prawo i Sprawiedliwość,European Conservatives and Reformists Group
Germany,Iris HOFFMANN,124841,Sozialdemokratische Partei Deutschlands,Group of the Progressive Alliance of Socialists and Democrats in the European Parliament
Germany,Monika HOHLMEIER,96780,Christlich-Soziale Union in Bayern e.V.,Group of the European People's Party (Christian Democrats)
Sweden,Gunnar HÖKMARK,28124,Moderaterna,Group of the European People's Party (Christian Democrats)
Hungary,György HÖLVÉNYI,124715,Kereszténydemokrata Néppárt,Group of the European People's Party (Christian Democrats)
United Kingdom,Mary HONEYBALL,5846,Labour Party,Group of the Progressive Alliance of Socialists and Democrats in the European Parliament
United Kingdom,Mike HOOKEM,124957,United Kingdom Independence Party,Europe of Freedom and Direct Democracy Group
France,Brice HORTEFEUX,5565,Les Républicains,Group of the European People's Party (Christian Democrats)
Poland,Danuta Maria HÜBNER,96779,Platforma Obywatelska,Group of the European People's Party (Christian Democrats)
United Kingdom,Ian HUDGHTON,2338,Scottish National Party,Group of the Greens/European Free Alliance
Netherlands,Jan HUITEMA,58789,Volkspartij voor Vrijheid en Democratie,Group of the Alliance of Liberals and Democrats for Europe
Bulgaria,Filiz HYUSMENOVA,34249,Movement for Rights and Freedoms,Group of the Alliance of Liberals and Democrats for Europe
Netherlands,Sophia in 't VELD,28266,Democraten 66,Group of the Alliance of Liberals and Democrats for Europe
Spain,Carlos ITURGAIZ,28398,Partido Popular,Group of the European People's Party (Christian Democrats)
Romania,Cătălin Sorin IVAN,96857,Partidul Social Democrat,Group of the Progressive Alliance of Socialists and Democrats in the European Parliament
Poland,Robert Jarosław IWASZKIEWICZ,124886,KORWiN,Europe of Freedom and Direct Democracy Group
Finland,Liisa JAAKONSAARI,96684,Suomen Sosialidemokraattinen Puolue/Finlands Socialdemokratiska Parti,Group of the Progressive Alliance of Socialists and Democrats in the European Parliament
Finland,Anneli JÄÄTTEENMÄKI,28314,Suomen Keskusta,Group of the Alliance of Liberals and Democrats for Europe
France,Yannick JADOT,96740,Europe Écologie,Group of the Greens/European Free Alliance
Germany,Peter JAHR,96772,Christlich Demokratische Union Deutschlands,Group of the European People's Party (Christian Democrats)
Croatia,Ivan JAKOVČIĆ,124754,Istarski demokratski sabor - Dieta democratica istriana,Group of the Alliance of Liberals and Democrats for Europe
France,Jean-François JALKH,124770,Front national,Europe of Nations and Freedom Group
United Kingdom,Diane JAMES,124939,-,Non-attached Members
Spain,Ramón JÁUREGUI ATONDO,97078,Partido Socialista Obrero Español,Group of the Progressive Alliance of Socialists and Democrats in the European Parliament
Hungary,Benedek JÁVOR,124721,Együtt 2014 - Párbeszéd Magyarországért,Group of the Greens/European Free Alliance
Poland,Danuta JAZŁOWIECKA,96781,Platforma Obywatelska,Group of the European People's Party (Christian Democrats)
Czech Republic,Petr JEŽEK,124707,ANO 2011,Group of the Alliance of Liberals and Democrats for Europe
Spain,Teresa JIMÉNEZ-BECERRIL BARRIO,96806,Partido Popular,Group of the European People's Party (Christian Democrats)
France,Eva JOLY,96883,Europe Écologie,Group of the Greens/European Free Alliance
Netherlands,Dennis de JONG,96748,Socialistische Partij,Confederal Group of the European United Left - Nordic Green Left
Netherlands,Agnes JONGERIUS,125021,Partij van de Arbeid,Group of the Progressive Alliance of Socialists and Democrats in the European Parliament
France,Marc JOULAUD,124728,Les Républicains,Group of the European People's Party (Christian Democrats)
Spain,Josu JUARISTI ABAUNZ,125051,EH BILDU,Confederal Group of the European United Left - Nordic Green Left
Poland,Marek JUREK,124892,Prawica Rzeczypospolitej,European Conservatives and Reformists Group
France,Philippe JUVIN,96884,Les Républicains,Group of the European People's Party (Christian Democrats)
Austria,Karin KADENBACH,97014,Sozialdemokratische Partei Österreichs,Group of the Progressive Alliance of Socialists and Democrats in the European Parliament
Greece,Eva KAILI,125109,Panhellenic Socialist Movement - Olive Tree,Group of the Progressive Alliance of Socialists and Democrats in the European Parliament
Poland,Jarosław KALINOWSKI,96771,Polskie Stronnictwo Ludowe,Group of the European People's Party (Christian Democrats)
Estonia,Kaja KALLAS,124697,Eesti Reformierakond,Group of the Alliance of Liberals and Democrats for Europe
Latvia,Sandra KALNIETE,96934,"Partija ""VIENOTĪBA""",Group of the European People's Party (Christian Democrats)
United Kingdom,Syed KAMALL,33569,Conservative Party,European Conservatives and Reformists Group
Germany,Petra KAMMEREVERT,96837,Sozialdemokratische Partei Deutschlands,Group of the Progressive Alliance of Socialists and Democrats in the European Parliament
Austria,Barbara KAPPEL,125024,Freiheitliche Partei Österreichs,Europe of Nations and Freedom Group
Austria,Othmar KARAS,4246,Österreichische Volkspartei,Group of the European People's Party (Christian Democrats)
Denmark,Rina Ronja KARI,122885,Folkebevægelsen mod EU,Confederal Group of the European United Left - Nordic Green Left
United Kingdom,Sajjad KARIM,28481,Conservative Party,European Conservatives and Reformists Group
Latvia,Krišjānis KARIŅŠ,96901,"Partija ""VIENOTĪBA""",Group of the European People's Party (Christian Democrats)
Denmark,Rikke KARLSSON,124876,Independent,European Conservatives and Reformists Group
Poland,Karol KARSKI,124887,Prawo i Sprawiedliwość,European Conservatives and Reformists Group
Germany,Sylvia-Yvonne KAUFMANN,1849,Sozialdemokratische Partei Deutschlands,Group of the Progressive Alliance of Socialists and Democrats in the European Parliament
Greece,Manolis KEFALOGIANNIS,125068,Nea Demokratia,Group of the European People's Party (Christian Democrats)
Estonia,Tunne KELAM,28424,Erakond Isamaa ja Res Publica Liit,Group of the European People's Party (Christian Democrats)
Czech Republic,Jan KELLER,124695,Česká strana sociálně demokratická,Group of the Progressive Alliance of Socialists and Democrats in the European Parliament
Germany,Ska KELLER,96734,Bündnis 90/Die Grünen,Group of the Greens/European Free Alliance
Ireland,Seán KELLY,96668,Fine Gael Party,Group of the European People's Party (Christian Democrats)
United Kingdom,Afzal KHAN,124962,Labour Party,Group of the Progressive Alliance of Socialists and Democrats in the European Parliament
United Kingdom,Jude KIRTON-DARLING,124953,Labour Party,Group of the Progressive Alliance of Socialists and Democrats in the European Parliament
Poland,Sławomir KŁOSOWSKI,135541,Prawo i Sprawiedliwość,European Conservatives and Reformists Group
Germany,Dieter-Lebrecht KOCH,1852,Christlich Demokratische Union Deutschlands,Group of the European People's Party (Christian Democrats)
Denmark,Jeppe KOFOD,124870,Socialdemokratiet,Group of the Progressive Alliance of Socialists and Democrats in the European Parliament
Czech Republic,Jaromír KOHLÍČEK,28331,Komunistická strana Čech a Moravy,Confederal Group of the European United Left - Nordic Green Left
Germany,Arndt KOHN,186884,Sozialdemokratische Partei Deutschlands,Group of the Progressive Alliance of Socialists and Democrats in the European Parliament
Germany,Bernd KÖLMEL,124824,Liberal-Conservative Refomists,European Conservatives and Reformists Group
Czech Republic,Kateřina KONEČNÁ,23699,Komunistická strana Čech a Moravy,Confederal Group of the European United Left - Nordic Green Left
Poland,Janusz KORWIN-MIKKE,124879,KORWiN,Non-attached Members
Hungary,Ádám KÓSA,96829,Fidesz-Magyar Polgári Szövetség-Keresztény Demokrata Néppárt,Group of the European People's Party (Christian Democrats)
Germany,Dietmar KÖSTER,124822,Sozialdemokratische Partei Deutschlands,Group of the Progressive Alliance of Socialists and Democrats in the European Parliament
Austria,Elisabeth KÖSTINGER,96882,Österreichische Volkspartei,Group of the European People's Party (Christian Democrats)
Greece,Stelios KOULOGLOU,130833,Coalition of the Radical Left,Confederal Group of the European United Left - Nordic Green Left
Bulgaria,Peter KOUROUMBASHEV,124857,-,Group of the Progressive Alliance of Socialists and Democrats in the European Parliament
Hungary,Béla KOVÁCS,102887,Jobbik Magyarországért Mozgalom,Non-attached Members
Bulgaria,Andrey KOVATCHEV,97968,Citizens for European Development of Bulgaria,Group of the European People's Party (Christian Democrats)
Poland,Agnieszka KOZŁOWSKA-RAJEWICZ,124889,Platforma Obywatelska,Group of the European People's Party (Christian Democrats)
Poland,Zdzisław KRASNODĘBSKI,124891,Bezpartyjny,European Conservatives and Reformists Group
Germany,Constanze KREHL,1854,Sozialdemokratische Partei Deutschlands,Group of the Progressive Alliance of Socialists and Democrats in the European Parliament
Poland,Urszula KRUPA,28334,Independent,European Conservatives and Reformists Group
Poland,Barbara KUDRYCKA,28284,Platforma Obywatelska,Group of the European People's Party (Christian Democrats)
Germany,Werner KUHN,96767,Christlich Demokratische Union Deutschlands,Group of the European People's Party (Christian Democrats)
Slovakia,Eduard KUKAN,96651,Independent,Group of the European People's Party (Christian Democrats)
Finland,Miapetra KUMPULA-NATRI,124735,Suomen Sosialidemokraattinen Puolue/Finlands Socialdemokratiska Parti,Group of the Progressive Alliance of Socialists and Democrats in the European Parliament
Greece,Kostadinka KUNEVA,125092,Coalition of the Radical Left,Confederal Group of the European United Left - Nordic Green Left
Poland,Zbigniew KUŹMIUK,28389,Prawo i Sprawiedliwość,European Conservatives and Reformists Group
Italy,Cécile Kashetu KYENGE,124801,Partito Democratico,Group of the Progressive Alliance of Socialists and Democrats in the European Parliament
Finland,Merja KYLLÖNEN,124736,Vasemmistoliitto,Confederal Group of the European United Left - Nordic Green Left
Greece,Miltiadis KYRKOS,125113,The River,Group of the Progressive Alliance of Socialists and Democrats in the European Parliament
Greece,Georgios KYRTSOS,125063,Nea Demokratia,Group of the European People's Party (Christian Democrats)
Bulgaria,Ilhan KYUCHYUK,124866,Movement for Rights and Freedoms,Group of the Alliance of Liberals and Democrats for Europe
France,Alain LAMASSOURE,1204,Les Républicains,Group of the European People's Party (Christian Democrats)
United Kingdom,Jean LAMBERT,4531,Green Party,Group of the Greens/European Free Alliance
Belgium,Philippe LAMBERTS,96648,Ecologistes Confédérés pour l'Organisation de Luttes Originales,Group of the Greens/European Free Alliance
Germany,Alexander Graf LAMBSDORFF,28242,Freie Demokratische Partei,Group of the Alliance of Liberals and Democrats for Europe
Germany,Bernd LANGE,1909,Sozialdemokratische Partei Deutschlands,Group of the Progressive Alliance of Socialists and Democrats in the European Parliament
Netherlands,Esther de LANGE,38398,Christen Democratisch Appèl,Group of the European People's Party (Christian Democrats)
Germany,Werner LANGEN,1928,Christlich Demokratische Union Deutschlands,Group of the European People's Party (Christian Democrats)
Estonia,Marju LAURISTIN,124698,Sotsiaaldemokraatlik Erakond,Group of the Progressive Alliance of Socialists and Democrats in the European Parliament
Italy,Giovanni LA VIA,96816,Alternativa Popolare,Group of the European People's Party (Christian Democrats)
France,Jérôme LAVRILLEUX,124731,-,Group of the European People's Party (Christian Democrats)
France,Gilles LEBRETON,124738,Front national/ Rassemblement Bleu Marine,Europe of Nations and Freedom Group
France,Constance LE GRIP,101580,Les Républicains,Group of the European People's Party (Christian Democrats)
Poland,Ryszard Antoni LEGUTKO,96796,Prawo i Sprawiedliwość,European Conservatives and Reformists Group
France,Patrick LE HYARIC,96735,Front de Gauche,Confederal Group of the European United Left - Nordic Green Left
Germany,Jo LEINEN,4262,Sozialdemokratische Partei Deutschlands,Group of the Progressive Alliance of Socialists and Democrats in the European Parliament
Netherlands,Jeroen LENAERS,95074,Christen Democratisch Appèl,Group of the European People's Party (Christian Democrats)
France,Jean-Marie LE PEN,1023,Front national,Non-attached Members
France,Marine LE PEN,28210,Front national,Europe of Nations and Freedom Group
Poland,Janusz LEWANDOWSKI,23781,Platforma Obywatelska,Group of the European People's Party (Christian Democrats)
United Kingdom,Andrew LEWER,124943,Conservative Party,European Conservatives and Reformists Group
Poland,Bogusław LIBERADZKI,23768,Sojusz Lewicy Demokratycznej,Group of the Progressive Alliance of Socialists and Democrats in the European Parliament
Germany,Peter LIESE,1927,Christlich Demokratische Union Deutschlands,Group of the European People's Party (Christian Democrats)
Germany,Arne LIETZ,124839,Sozialdemokratische Partei Deutschlands,Group of the Progressive Alliance of Socialists and Democrats in the European Parliament
Germany,Norbert LINS,124808,Christlich Demokratische Union Deutschlands,Group of the European People's Party (Christian Democrats)
Germany,Barbara LOCHBIHLER,96728,Bündnis 90/Die Grünen,Group of the Greens/European Free Alliance
France,Philippe LOISEAU,125684,Front national,Europe of Nations and Freedom Group
Denmark,Morten LØKKEGAARD,96709,"Venstre, Danmarks Liberale Parti",Group of the Alliance of Liberals and Democrats for Europe
Belgium,Sander LOONES,128717,Nieuw-Vlaamse Alliantie,European Conservatives and Reformists Group
Spain,Verónica LOPE FONTAGNÉ,96765,Partido Popular,Group of the European People's Party (Christian Democrats)
Spain,Javi LÓPEZ,125042,Partit dels Socialistes de Catalunya,Group of the Progressive Alliance of Socialists and Democrats in the European Parliament
Spain,Juan Fernando LÓPEZ AGUILAR,96812,Partido Socialista Obrero Español,Group of the Progressive Alliance of Socialists and Democrats in the European Parliament
Spain,Paloma LÓPEZ BERMEJO,125047,Izquierda Unida,Confederal Group of the European United Left - Nordic Green Left
Spain,Antonio LÓPEZ-ISTÚRIZ WHITE,28399,Partido Popular,Group of the European People's Party (Christian Democrats)
Germany,Sabine LÖSING,96854,DIE LINKE.,Confederal Group of the European United Left - Nordic Green Left
Germany,Bernd LUCKE,124820,Liberal-Conservative Refomists,European Conservatives and Reformists Group
Sweden,Olle LUDVIGSSON,96673,Arbetarepartiet- Socialdemokraterna,Group of the Progressive Alliance of Socialists and Democrats in the European Parliament
Poland,Elżbieta Katarzyna ŁUKACIJEWSKA,96791,Platforma Obywatelska,Group of the European People's Party (Christian Democrats)
Austria,Ulrike LUNACEK,97017,Die Grünen - Die Grüne Alternative,Group of the Greens/European Free Alliance
Sweden,Peter LUNDGREN,124996,Sverigedemokraterna,Europe of Freedom and Direct Democracy Group
Poland,Krystyna ŁYBACKA,124883,Sojusz Lewicy Demokratycznej,Group of the Progressive Alliance of Socialists and Democrats in the European Parliament
Germany,David McALLISTER,124806,Christlich Demokratische Union Deutschlands,Group of the European People's Party (Christian Democrats)
United Kingdom,Linda McAVAN,2327,Labour Party,Group of the Progressive Alliance of Socialists and Democrats in the European Parliament
United Kingdom,Emma McCLARKIN,96919,Conservative Party,European Conservatives and Reformists Group
Ireland,Mairead McGUINNESS,28115,Fine Gael Party,Group of the European People's Party (Christian Democrats)
Czech Republic,Petr MACH,84175,Strana svobodných občanů,Europe of Freedom and Direct Democracy Group
United Kingdom,Anthea McINTYRE,111011,Conservative Party,European Conservatives and Reformists Group
Romania,Monica MACOVEI,96824,Independent,European Conservatives and Reformists Group
Croatia,Ivana MALETIĆ,119436,Hrvatska demokratska zajednica,Group of the European People's Party (Christian Democrats)
Bulgaria,Svetoslav Hristov MALINOV,111027,Democrats for Strong Bulgaria,Group of the European People's Party (Christian Democrats)
Italy,Curzio MALTESE,125192,Lista Tsipras-L'Altra Europa,Confederal Group of the European United Left - Nordic Green Left
Latvia,Andrejs MAMIKINS,124746,"""Saskaņa"" sociāldemokrātiskā partija",Group of the Progressive Alliance of Socialists and Democrats in the European Parliament
Romania,Ramona Nicole MĂNESCU,39717,Partidul Naţional Liberal,Group of the European People's Party (Christian Democrats)
Slovakia,Vladimír MAŇKA,28192,SMER-Sociálna demokracia,Group of the Progressive Alliance of Socialists and Democrats in the European Parliament
Germany,Thomas MANN,1922,Christlich Demokratische Union Deutschlands,Group of the European People's Party (Christian Democrats)
France,Louis-Joseph MANSCOUR,124725,Parti socialiste,Group of the Progressive Alliance of Socialists and Democrats in the European Parliament
Spain,Florent MARCELLESI,26146,EQUO,Group of the Greens/European Free Alliance
Greece,Notis MARIAS,125069,Greece-The Alternative Road,European Conservatives and Reformists Group
Romania,Marian-Jean MARINESCU,33982,Partidul Naţional Liberal,Group of the European People's Party (Christian Democrats)
Portugal,António MARINHO E PINTO,124742,Partido Democrático Republicano,Group of the Alliance of Liberals and Democrats for Europe
United Kingdom,David MARTIN,1403,Labour Party,Group of the Progressive Alliance of Socialists and Democrats in the European Parliament
France,Dominique MARTIN,124751,Front national,Europe of Nations and Freedom Group
France,Edouard MARTIN,124947,Parti socialiste,Group of the Progressive Alliance of Socialists and Democrats in the European Parliament
Italy,Fulvio MARTUSCIELLO,124828,Forza Italia,Group of the European People's Party (Christian Democrats)
Poland,Michał MARUSIK,124894,Kongres Nowej Prawicy,Europe of Nations and Freedom Group
Czech Republic,Jiří MAŠTÁLKA,23704,Komunistická strana Čech a Moravy,Confederal Group of the European United Left - Nordic Green Left
Italy,Barbara MATERA,96813,Forza Italia,Group of the European People's Party (Christian Democrats)
Portugal,Marisa MATIAS,96820,Bloco de Esquerda,Confederal Group of the European United Left - Nordic Green Left
Spain,Gabriel MATO,96936,Partido Popular,Group of the European People's Party (Christian Democrats)
Italy,Stefano MAULLU,133326,Forza Italia,Group of the European People's Party (Christian Democrats)
France,Emmanuel MAUREL,24505,Parti socialiste,Group of the Progressive Alliance of Socialists and Democrats in the European Parliament
Cyprus,Costas MAVRIDES,124691,Democratic Party,Group of the Progressive Alliance of Socialists and Democrats in the European Parliament
Bulgaria,Eva MAYDELL,98341,Citizens for European Development of Bulgaria,Group of the European People's Party (Christian Democrats)
Austria,Georg MAYER,38511,Freiheitliche Partei Österreichs,Europe of Nations and Freedom Group
United Kingdom,Alex MAYER,185637,Labour Party,Group of the Progressive Alliance of Socialists and Democrats in the European Parliament
Lithuania,Valentinas MAZURONIS,124768,Darbo partija,Group of the Alliance of Liberals and Democrats for Europe
Germany,Gesine MEISSNER,96870,Freie Demokratische Partei,Group of the Alliance of Liberals and Democrats for Europe
France,Jean-Luc MÉLENCHON,96742,Front de Gauche,Confederal Group of the European United Left - Nordic Green Left
France,Joëlle MÉLIN,124765,Front national,Europe of Nations and Freedom Group
Germany,Susanne MELIOR,124838,Sozialdemokratische Partei Deutschlands,Group of the Progressive Alliance of Socialists and Democrats in the European Parliament
Portugal,Nuno MELO,96978,Partido Popular,Group of the European People's Party (Christian Democrats)
Denmark,Morten MESSERSCHMIDT,96663,Dansk Folkeparti,European Conservatives and Reformists Group
Hungary,Tamás MESZERICS,124720,Lehet Más A Politika,Group of the Greens/European Free Alliance
Malta,Roberta METSOLA,118859,Partit Nazzjonalista,Group of the European People's Party (Christian Democrats)
Belgium,Louis MICHEL,96670,Mouvement Réformateur,Group of the Alliance of Liberals and Democrats for Europe
Germany,Martina MICHELS,120478,DIE LINKE.,Confederal Group of the European United Left - Nordic Green Left
Bulgaria,Iskra MIHAYLOVA,125128,Movement for Rights and Freedoms,Group of the Alliance of Liberals and Democrats for Europe
Slovakia,Miroslav MIKOLÁŠIK,28178,Kresťanskodemokratické hnutie,Group of the European People's Party (Christian Democrats)
Spain,Francisco José MILLÁN MON,28400,Partido Popular,Group of the European People's Party (Christian Democrats)
Netherlands,Matthijs van MILTENBURG,125022,Democraten 66,Group of the Alliance of Liberals and Democrats for Europe
Netherlands,Anne-Marie MINEUR,125037,Socialistische Partij,Confederal Group of the European United Left - Nordic Green Left
Malta,Marlene MIZZI,118858,Partit Laburista,Group of the Progressive Alliance of Socialists and Democrats in the European Parliament
Austria,Angelika MLINAR,125026,NEOS – Das Neue Österreich,Group of the Alliance of Liberals and Democrats for Europe
Italy,Giulia MOI,124859,Movimento 5 Stelle,Europe of Freedom and Direct Democracy Group
Romania,Sorin MOISĂ,124789,Partidul Social Democrat,Group of the Progressive Alliance of Socialists and Democrats in the European Parliament
Hungary,Csaba MOLNÁR,124722,Demokratikus Koalíció,Group of the Progressive Alliance of Socialists and Democrats in the European Parliament
France,Bernard MONOT,124761,Front national,Europe of Nations and Freedom Group
Portugal,Cláudia MONTEIRO DE AGUIAR,124734,Partido Social Democrata,Group of the European People's Party (Christian Democrats)
France,Sophie MONTEL,124769,Front national,Europe of Nations and Freedom Group
United Kingdom,Clare MOODY,124944,Labour Party,Group of the Progressive Alliance of Socialists and Democrats in the European Parliament
United Kingdom,Claude MORAES,4519,Labour Party,Group of the Progressive Alliance of Socialists and Democrats in the European Parliament
France,Nadine MORANO,72779,Les Républicains,Group of the European People's Party (Christian Democrats)
Italy,Luigi MORGANO,124788,Partito Democratico,Group of the Progressive Alliance of Socialists and Democrats in the European Parliament
France,Elisabeth MORIN-CHARTIER,38596,Les Républicains,Group of the European People's Party (Christian Democrats)
Hungary,Krisztina MORVAI,96661,Jobbik Magyarországért Mozgalom,Non-attached Members
Italy,Alessia Maria MOSCA,124868,Partito Democratico,Group of the Progressive Alliance of Socialists and Democrats in the European Parliament
Germany,Ulrike MÜLLER,124862,Freie Wähler,Group of the Alliance of Liberals and Democrats for Europe
Romania,Siegfried MUREŞAN,124802,Partidul Mișcarea Populară,Group of the European People's Party (Christian Democrats)
France,Renaud MUSELIER,124729,Les Républicains,Group of the European People's Party (Christian Democrats)
Italy,Alessandra MUSSOLINI,28429,Forza Italia,Group of the European People's Party (Christian Democrats)
Slovakia,József NAGY,124926,MOST - HÍD,Group of the European People's Party (Christian Democrats)
Spain,Javier NART,125005,Ciudadanos – Partido de la Ciudadanía,Group of the Alliance of Liberals and Democrats for Europe
Romania,Victor NEGRESCU,88882,Partidul Social Democrat,Group of the Progressive Alliance of Socialists and Democrats in the European Parliament
Bulgaria,Momchil NEKOV,125013,Bulgarian Socialist Party,Group of the Progressive Alliance of Socialists and Democrats in the European Parliament
Germany,Norbert NEUSER,96844,Sozialdemokratische Partei Deutschlands,Group of the Progressive Alliance of Socialists and Democrats in the European Parliament
Romania,Dan NICA,124784,Partidul Social Democrat,Group of the Progressive Alliance of Socialists and Democrats in the European Parliament
United Kingdom,James NICHOLSON,1318,Ulster Unionist Party,European Conservatives and Reformists Group
Romania,Norica NICOLAI,96825,Independent,Group of the Alliance of Liberals and Democrats for Europe
Germany,Angelika NIEBLER,4289,Christlich-Soziale Union in Bayern e.V.,Group of the European People's Party (Christian Democrats)
Czech Republic,Luděk NIEDERMAYER,124701,TOP 09 a Starostové,Group of the European People's Party (Christian Democrats)
Hungary,Péter NIEDERMÜLLER,124723,Demokratikus Koalíció,Group of the Progressive Alliance of Socialists and Democrats in the European Parliament
Netherlands,Cora van NIEUWENHUIZEN,125019,Volkspartij voor Vrijheid en Democratie,Group of the Alliance of Liberals and Democrats for Europe
Sweden,Jens NILSSON,111024,Arbetarepartiet- Socialdemokraterna,Group of the Progressive Alliance of Socialists and Democrats in the European Parliament
Ireland,Liadh NÍ RIADA,124987,Sinn Féin,Confederal Group of the European United Left - Nordic Green Left
Netherlands,Lambert van NISTELROOIJ,28165,Christen Democratisch Appèl,Group of the European People's Party (Christian Democrats)
Germany,Maria NOICHL,124836,Sozialdemokratische Partei Deutschlands,Group of the Progressive Alliance of Socialists and Democrats in the European Parliament
Bulgaria,Andrey NOVAKOV,107212,Citizens for European Development of Bulgaria,Group of the European People's Party (Christian Democrats)
United Kingdom,Paul NUTTALL,96805,United Kingdom Independence Party,Europe of Freedom and Direct Democracy Group
Austria,Franz OBERMAYR,96981,Freiheitliche Partei Österreichs,Europe of Nations and Freedom Group
United Kingdom,Patrick O'FLYNN,124940,United Kingdom Independence Party,Europe of Freedom and Direct Democracy Group
Poland,Jan OLBRYCHT,28288,Platforma Obywatelska,Group of the European People's Party (Christian Democrats)
France,Younous OMARJEE,30482,L'union pour les Outremer,Confederal Group of the European United Left - Nordic Green Left
Poland,Stanisław OŻÓG,124897,Prawo i Sprawiedliwość,European Conservatives and Reformists Group
Latvia,Artis PABRIKS,124743,"Partija ""VIENOTĪBA""",Group of the European People's Party (Christian Democrats)
Estonia,Urmas PAET,129073,Eesti Reformierakond,Group of the Alliance of Liberals and Democrats for Europe
Spain,Maite PAGAZAURTUNDÚA RUIZ,125038,"Unión, Progreso y Democracia",Group of the Alliance of Liberals and Democrats for Europe
Lithuania,Rolandas PAKSAS,96694,Partija Tvarka ir teisingumas,Europe of Freedom and Direct Democracy Group
Italy,Pier Antonio PANZERI,28365,Partito Democratico,Group of the Progressive Alliance of Socialists and Democrats in the European Parliament
Italy,Massimo PAOLUCCI,124849,Articolo UNO – Movimento Democratico e Progressista,Group of the Progressive Alliance of Socialists and Democrats in the European Parliament
Cyprus,Demetris PAPADAKIS,124692,Movement for Social Democracy EDEK,Group of the Progressive Alliance of Socialists and Democrats in the European Parliament
Greece,Konstantinos PAPADAKIS,125093,Communist Party of Greece,Non-attached Members
Greece,Dimitrios PAPADIMOULIS,28586,Coalition of the Radical Left,Confederal Group of the European United Left - Nordic Green Left
France,Gilles PARGNEAUX,96948,Parti socialiste,Group of the Progressive Alliance of Socialists and Democrats in the European Parliament
United Kingdom,Margot PARKER,124945,United Kingdom Independence Party,Europe of Freedom and Direct Democracy Group
Romania,Ioan Mircea PAŞCU,33984,Partidul Social Democrat,Group of the Progressive Alliance of Socialists and Democrats in the European Parliament
Italy,Aldo PATRICIELLO,36392,Forza Italia,Group of the European People's Party (Christian Democrats)
Romania,Emilian PAVEL,129256,Partidul Social Democrat,Group of the Progressive Alliance of Socialists and Democrats in the European Parliament
Italy,Piernicola PEDICINI,124844,Movimento 5 Stelle,Europe of Freedom and Direct Democracy Group
France,Vincent PEILLON,28166,Parti socialiste,Group of the Progressive Alliance of Socialists and Democrats in the European Parliament
Slovenia,Alojz PETERLE,23693,Nova Slovenija – Krščanski demokrati,Group of the European People's Party (Christian Democrats)
Denmark,Morten Helveg PETERSEN,124872,Det Radikale Venstre,Group of the Alliance of Liberals and Democrats for Europe
Croatia,Marijana PETIR,124749,Hrvatska seljačka stranka,Group of the European People's Party (Christian Democrats)
France,Florian PHILIPPOT,110977,Front national,Europe of Nations and Freedom Group
Italy,Pina PICIERNO,124846,Partito Democratico,Group of the Progressive Alliance of Socialists and Democrats in the European Parliament
Croatia,Tonino PICULA,112744,Socijaldemokratska partija Hrvatske,Group of the Progressive Alliance of Socialists and Democrats in the European Parliament
Poland,Bolesław G. PIECHA,124874,Prawo i Sprawiedliwość,European Conservatives and Reformists Group
Germany,Markus PIEPER,28224,Christlich Demokratische Union Deutschlands,Group of the European People's Party (Christian Democrats)
Finland,Sirpa PIETIKÄINEN,40599,Kansallinen Kokoomus,Group of the European People's Party (Christian Democrats)
Portugal,João PIMENTA LOPES,136236,Partido Comunista Português,Confederal Group of the European United Left - Nordic Green Left
Poland,Mirosław PIOTROWSKI,28341,Niezależny,European Conservatives and Reformists Group
Netherlands,Kati PIRI,37229,Partij van de Arbeid,Group of the Progressive Alliance of Socialists and Democrats in the European Parliament
Bulgaria,Georgi PIRINSKI,124855,Bulgarian Socialist Party,Group of the Progressive Alliance of Socialists and Democrats in the European Parliament
Poland,Julia PITERA,124898,Platforma Obywatelska,Group of the European People's Party (Christian Democrats)
Italy,Gianni PITTELLA,4436,Partito Democratico,Group of the Progressive Alliance of Socialists and Democrats in the European Parliament
Poland,Marek PLURA,124881,Platforma Obywatelska,Group of the European People's Party (Christian Democrats)
Czech Republic,Pavel POC,96715,Česká strana sociálně demokratická,Group of the Progressive Alliance of Socialists and Democrats in the European Parliament
Czech Republic,Miroslav POCHE,124699,Česká strana sociálně demokratická,Group of the Progressive Alliance of Socialists and Democrats in the European Parliament
Italy,Salvatore Domenico POGLIESE,124853,Forza Italia,Group of the European People's Party (Christian Democrats)
Czech Republic,Stanislav POLČÁK,124704,Starostové a nezávisli,Group of the European People's Party (Christian Democrats)
France,Maurice PONGA,96931,Les Républicains,Group of the European People's Party (Christian Democrats)
Poland,Tomasz Piotr PORĘBA,96801,Prawo i Sprawiedliwość,European Conservatives and Reformists Group
Czech Republic,Jiří POSPÍŠIL,125706,TOP 09 a Starostové,Group of the European People's Party (Christian Democrats)
Sweden,Soraya POST,124997,Feministiskt initiativ,Group of the Progressive Alliance of Socialists and Democrats in the European Parliament
Romania,Cristian Dan PREDA,96838,Independent,Group of the European People's Party (Christian Democrats)
Germany,Marcus PRETZELL,124830,Alternative für Deutschland,Europe of Nations and Freedom Group
Germany,Gabriele PREUSS,124888,Sozialdemokratische Partei Deutschlands,Group of the Progressive Alliance of Socialists and Democrats in the European Parliament
United Kingdom,John PROCTER,185628,Conservative Party,European Conservatives and Reformists Group
France,Franck PROUST,108080,Les Républicains,Group of the European People's Party (Christian Democrats)
Spain,Carolina PUNSET,90110,Ciudadanos – Partido de la Ciudadanía,Group of the Alliance of Liberals and Democrats for Europe
Germany,Godelieve QUISTHOUDT-ROWOHL,1055,Christlich Demokratische Union Deutschlands,Group of the European People's Party (Christian Democrats)
Bulgaria,Emil RADEV,124850,Citizens for European Development of Bulgaria,Group of the European People's Party (Christian Democrats)
Croatia,Jozo RADOŠ,112753,Hrvatska narodna stranka - liberalni demokrati,Group of the Alliance of Liberals and Democrats for Europe
Portugal,Paulo RANGEL,96903,Partido Social Democrata,Group of the European People's Party (Christian Democrats)
Romania,Laurenţiu REBEGA,124792,Independent,Europe of Nations and Freedom Group
Germany,Julia REDA,124816,Piratenpartei Deutschland,Group of the Greens/European Free Alliance
Luxembourg,Viviane REDING,1185,Parti chrétien social luxembourgeois,Group of the European People's Party (Christian Democrats)
Austria,Evelyn REGNER,96998,Sozialdemokratische Partei Österreichs,Group of the Progressive Alliance of Socialists and Democrats in the European Parliament
United Kingdom,Julia REID,106202,United Kingdom Independence Party,Europe of Freedom and Direct Democracy Group
Austria,Michel REIMON,124935,Die Grünen - Die Grüne Alternative,Group of the Greens/European Free Alliance
Germany,Terry REINTKE,103381,Bündnis 90/Die Grünen,Group of the Greens/European Free Alliance
Germany,Herbert REUL,28225,Christlich Demokratische Union Deutschlands,Group of the European People's Party (Christian Democrats)
France,Christine REVAULT D'ALLONNES BONNEFOY,124287,Parti socialiste,Group of the Progressive Alliance of Socialists and Democrats in the European Parliament
Portugal,Sofia RIBEIRO,124733,Partido Social Democrata,Group of the European People's Party (Christian Democrats)
Belgium,Frédérique RIES,4253,Mouvement Réformateur,Group of the Alliance of Liberals and Democrats for Europe
France,Dominique RIQUET,96885,Parti Radical - UDI,Group of the Alliance of Liberals and Democrats for Europe
France,Michèle RIVASI,96743,Europe Écologie,Group of the Greens/European Free Alliance
France,Robert ROCHEFORT,97022,Mouvement Démocrate,Group of the Alliance of Liberals and Democrats for Europe
Portugal,Liliana RODRIGUES,125099,Partido Socialista,Group of the Progressive Alliance of Socialists and Democrats in the European Parliament
Portugal,Maria João RODRIGUES,124737,Partido Socialista,Group of the Progressive Alliance of Socialists and Democrats in the European Parliament
Spain,Inmaculada RODRÍGUEZ-PIÑERO FERNÁNDEZ,125043,Partido Socialista Obrero Español,Group of the Progressive Alliance of Socialists and Democrats in the European Parliament
Germany,Ulrike RODUST,93624,Sozialdemokratische Partei Deutschlands,Group of the Progressive Alliance of Socialists and Democrats in the European Parliament
Denmark,Jens ROHDE,96710,Det Radikale Venstre,Group of the Alliance of Liberals and Democrats for Europe
Belgium,Claude ROLIN,125107,Centre Démocrate Humaniste,Group of the European People's Party (Christian Democrats)
Lithuania,Bronis ROPĖ,125214,Lietuvos valstiečių ir žaliųjų sąjunga,Group of the Greens/European Free Alliance
Poland,Dariusz ROSATI,28394,Platforma Obywatelska,Group of the European People's Party (Christian Democrats)
France,Virginie ROZIÈRE,103845,Parti radical de gauche,Group of the Progressive Alliance of Socialists and Democrats in the European Parliament
Portugal,Fernando RUAS,124730,Partido Social Democrata,Group of the European People's Party (Christian Democrats)
Austria,Paul RÜBIG,2278,Österreichische Volkspartei,Group of the European People's Party (Christian Democrats)
Finland,Pirkko RUOHONEN-LERNER,132366,Perussuomalaiset,European Conservatives and Reformists Group
France,Tokia SAÏFI,4345,Les Républicains,Group of the European People's Party (Christian Democrats)
Greece,Sofia SAKORAFA,125091,Independent,Confederal Group of the European United Left - Nordic Green Left
Spain,José Ignacio SALAFRANCA SÁNCHEZ-NEYRA,2002,Partido Popular,Group of the European People's Party (Christian Democrats)
Italy,Massimiliano SALINI,125670,Forza Italia,Group of the European People's Party (Christian Democrats)
Italy,Matteo SALVINI,28404,Lega Nord,Europe of Nations and Freedom Group
Spain,Lola SÁNCHEZ CALDENTEY,125035,PODEMOS,Confederal Group of the European United Left - Nordic Green Left
France,Anne SANDER,24594,Les Républicains,Group of the European People's Party (Christian Democrats)
Malta,Alfred SANT,124781,Partit Laburista,Group of the Progressive Alliance of Socialists and Democrats in the European Parliament
Portugal,Manuel dos SANTOS,21918,Partido Socialista,Group of the Progressive Alliance of Socialists and Democrats in the European Parliament
Romania,Daciana Octavia SÂRBU,33989,Partidul Social Democrat,Group of the Progressive Alliance of Socialists and Democrats in the European Parliament
Netherlands,Judith SARGENTINI,96815,GroenLinks,Group of the Greens/European Free Alliance
Finland,Petri SARVAMAA,112611,Kansallinen Kokoomus,Group of the European People's Party (Christian Democrats)
Poland,Jacek SARYUSZ-WOLSKI,28297,Platforma Obywatelska,Non-attached Members
Italy,David-Maria SASSOLI,96864,Partito Democratico,Group of the Progressive Alliance of Socialists and Democrats in the European Parliament
Lithuania,Algirdas SAUDARGAS,96696,Tėvynės sąjunga-Lietuvos krikščionys demokratai,Group of the European People's Party (Christian Democrats)
Netherlands,Marietje SCHAAKE,96945,Democraten 66,Group of the Alliance of Liberals and Democrats for Europe
France,Jean-Luc SCHAFFHAUSER,124755,Rassemblement bleu Marine,Europe of Nations and Freedom Group
Denmark,Christel SCHALDEMOSE,37312,Socialdemokratiet,Group of the Progressive Alliance of Socialists and Democrats in the European Parliament
Italy,Elly SCHLEIN,124804,-,Group of the Progressive Alliance of Socialists and Democrats in the European Parliament
Austria,Claudia SCHMIDT,125016,Österreichische Volkspartei,Group of the European People's Party (Christian Democrats)
Germany,Helmut SCHOLZ,96646,DIE LINKE.,Confederal Group of the European United Left - Nordic Green Left
Hungary,György SCHÖPFLIN,28135,Fidesz-Magyar Polgári Szövetség-Keresztény Demokrata Néppárt,Group of the European People's Party (Christian Democrats)
Netherlands,Annie SCHREIJER-PIERIK,125030,Christen Democratisch Appèl,Group of the European People's Party (Christian Democrats)
Germany,Sven SCHULZE,124809,Christlich Demokratische Union Deutschlands,Group of the European People's Party (Christian Democrats)
Germany,Joachim SCHUSTER,124837,Sozialdemokratische Partei Deutschlands,Group of the Progressive Alliance of Socialists and Democrats in the European Parliament
Germany,Andreas SCHWAB,28223,Christlich Demokratische Union Deutschlands,Group of the European People's Party (Christian Democrats)
United Kingdom,Molly SCOTT CATO,124942,Green Party,Group of the Greens/European Free Alliance
Czech Republic,Olga SEHNALOVÁ,96718,Česká strana sociálně demokratická,Group of the Progressive Alliance of Socialists and Democrats in the European Parliament
Sweden,Jasenko SELIMOVIC,134243,Liberalerna,Group of the Alliance of Liberals and Democrats for Europe
Spain,Maria Lidia SENRA RODRÍGUEZ,125049,Alternativa galega de esquerda en Europa,Confederal Group of the European United Left - Nordic Green Left
Italy,Remo SERNAGIOTTO,124794,Conservatori e Riformisti,European Conservatives and Reformists Group
Portugal,Ricardo SERRÃO SANTOS,124741,Partido Socialista,Group of the Progressive Alliance of Socialists and Democrats in the European Parliament
United Kingdom,Jill SEYMOUR,124950,United Kingdom Independence Party,Europe of Freedom and Direct Democracy Group
Poland,Czesław Adam SIEKIERSKI,23787,Polskie Stronnictwo Ludowe,Group of the European People's Party (Christian Democrats)
Portugal,Pedro SILVA PEREIRA,124747,Partido Socialista,Group of the Progressive Alliance of Socialists and Democrats in the European Parliament
Germany,Peter SIMON,96836,Sozialdemokratische Partei Deutschlands,Group of the Progressive Alliance of Socialists and Democrats in the European Parliament
United Kingdom,Siôn SIMON,124948,Labour Party,Group of the Progressive Alliance of Socialists and Democrats in the European Parliament
Germany,Birgit SIPPEL,96932,Sozialdemokratische Partei Deutschlands,Group of the Progressive Alliance of Socialists and Democrats in the European Parliament
Slovakia,Branislav ŠKRIPEK,124927,OBYČAJNÍ ĽUDIA,European Conservatives and Reformists Group
Croatia,Davor ŠKRLEC,124756,Independent,Group of the Greens/European Free Alliance
United Kingdom,Alyn SMITH,28508,Scottish National Party,Group of the Greens/European Free Alliance
Slovakia,Monika SMOLKOVÁ,96655,SMER-Sociálna demokracia,Group of the Progressive Alliance of Socialists and Democrats in the European Parliament
Romania,Csaba SÓGOR,39724,Uniunea Democrată Maghiară din România,Group of the European People's Party (Christian Democrats)
Czech Republic,Michaela ŠOJDROVÁ,124710,Křesťanská a demokratická unie - Československá strana lidová,Group of the European People's Party (Christian Democrats)
Spain,Jordi SOLÉ,185974,Esquerra Republicana de Catalunya,Group of the Greens/European Free Alliance
Slovenia,Igor ŠOLTES,125003,Lista dr. Igorja Šoltesa,Group of the Greens/European Free Alliance
Germany,Renate SOMMER,4282,Christlich Demokratische Union Deutschlands,Group of the European People's Party (Christian Democrats)
Germany,Martin SONNEBORN,124834,Die PARTEI,Non-attached Members
Italy,Renato SORU,124860,Partito Democratico,Group of the Progressive Alliance of Socialists and Democrats in the European Parliament
Italy,Barbara SPINELLI,124810,Independent,Confederal Group of the European United Left - Nordic Green Left
Greece,Maria SPYRAKI,125064,Nea Demokratia,Group of the European People's Party (Christian Democrats)
Belgium,Bart STAES,4751,Groen,Group of the Greens/European Free Alliance
Bulgaria,Sergei STANISHEV,124852,Bulgarian Socialist Party,Group of the Progressive Alliance of Socialists and Democrats in the European Parliament
Germany,Joachim STARBATTY,124827,Liberal-Conservative Refomists,European Conservatives and Reformists Group
Slovakia,Ivan ŠTEFANEC,124929,Kresťanskodemokratické hnutie,Group of the European People's Party (Christian Democrats)
Germany,Jutta STEINRUCK,96831,Sozialdemokratische Partei Deutschlands,Group of the Progressive Alliance of Socialists and Democrats in the European Parliament
Czech Republic,Jaromír ŠTĚTINA,124702,TOP 09 a Starostové,Group of the European People's Party (Christian Democrats)
Belgium,Helga STEVENS,125105,Nieuw-Vlaamse Alliantie,European Conservatives and Reformists Group
United Kingdom,Catherine STIHLER,4545,Labour Party,Group of the Progressive Alliance of Socialists and Democrats in the European Parliament
Romania,Theodor Dumitru STOLOJAN,39721,Partidul Naţional Liberal,Group of the European People's Party (Christian Democrats)
Germany,Beatrix von STORCH,124825,Alternative für Deutschland,Europe of Freedom and Direct Democracy Group
Netherlands,Olaf STUGER,125028,Partij voor de Vrijheid,Europe of Nations and Freedom Group
Croatia,Dubravka ŠUICA,119434,Hrvatska demokratska zajednica,Group of the European People's Party (Christian Democrats)
Slovakia,Richard SULÍK,124928,Sloboda a Solidarita,European Conservatives and Reformists Group
Slovenia,Patricija ŠULIN,125103,Slovenska demokratska stranka,Group of the European People's Party (Christian Democrats)
Czech Republic,Pavel SVOBODA,96272,Křesťanská a demokratická unie - Československá strana lidová,Group of the European People's Party (Christian Democrats)
United Kingdom,Kay SWINBURNE,96920,Conservative Party,European Conservatives and Reformists Group
Cyprus,Neoklis SYLIKIOTIS,124689,Progressive Party of Working People - Left - New Forces,Confederal Group of the European United Left - Nordic Green Left
Greece,Eleftherios SYNADINOS,125072,Popular Association – Golden Dawn,Non-attached Members
Hungary,József SZÁJER,23821,Fidesz-Magyar Polgári Szövetség-Keresztény Demokrata Néppárt,Group of the European People's Party (Christian Democrats)
Hungary,Tibor SZANYI,124703,Magyar Szocialista Párt,Group of the Progressive Alliance of Socialists and Democrats in the European Parliament
Poland,Adam SZEJNFELD,124890,Platforma Obywatelska,Group of the European People's Party (Christian Democrats)
Italy,Antonio TAJANI,2187,Forza Italia,Group of the European People's Party (Christian Democrats)
Finland,Hannu TAKKULA,28316,Suomen Keskusta,Group of the Alliance of Liberals and Democrats for Europe
Italy,Dario TAMBURRANO,124813,Movimento 5 Stelle,Europe of Freedom and Direct Democracy Group
Romania,Claudiu Ciprian TĂNĂSESCU,96847,Partidul Social Democrat,Group of the Progressive Alliance of Socialists and Democrats in the European Parliament
Netherlands,Paul TANG,125020,Partij van de Arbeid,Group of the Progressive Alliance of Socialists and Democrats in the European Parliament
United Kingdom,Charles TANNOCK,4521,Conservative Party,European Conservatives and Reformists Group
Romania,Claudia ȚAPARDEL,124793,Partidul Social Democrat,Group of the Progressive Alliance of Socialists and Democrats in the European Parliament
Belgium,Marc TARABELLA,29579,Parti Socialiste,Group of the Progressive Alliance of Socialists and Democrats in the European Parliament
Estonia,Indrek TARAND,97136,Sõltumatu,Group of the Greens/European Free Alliance
United Kingdom,Keith TAYLOR,102931,Green Party,Group of the Greens/European Free Alliance
Czech Republic,Pavel TELIČKA,124706,ANO 2011,Group of the Alliance of Liberals and Democrats for Europe
Spain,Josep-Maria TERRICABRAS,124932,Esquerra Republicana de Catalunya,Group of the Greens/European Free Alliance
Cyprus,Eleni THEOCHAROUS,25704,Independent,European Conservatives and Reformists Group
Germany,Michael THEURER,96871,Freie Demokratische Partei,Group of the Alliance of Liberals and Democrats for Europe
France,Isabelle THOMAS,114279,Parti socialiste,Group of the Progressive Alliance of Socialists and Democrats in the European Parliament
Poland,Róża Gräfin von THUN UND HOHENSTEIN,96776,Platforma Obywatelska,Group of the European People's Party (Christian Democrats)
Italy,Patrizia TOIA,28340,Partito Democratico,Group of the Progressive Alliance of Socialists and Democrats in the European Parliament
Hungary,László TŐKÉS,39726,Fidesz-Magyar Polgári Szövetség-Keresztény Demokrata Néppárt,Group of the European People's Party (Christian Democrats)
Croatia,Ivica TOLIĆ,185340,Hrvatska demokratska zajednica,Group of the European People's Party (Christian Democrats)
Lithuania,Valdemar TOMAŠEVSKI,96697,Lietuvos lenkų rinkimų akcija – Krikščioniškų šeimų sąjunga,European Conservatives and Reformists Group
Croatia,Ruža TOMAŠIĆ,119431,Hrvatska konzervativna stranka,European Conservatives and Reformists Group
Slovenia,Romana TOMC,125104,Slovenska demokratska stranka,Group of the European People's Party (Christian Democrats)
Estonia,Yana TOOM,124700,Eesti Keskerakond,Group of the Alliance of Liberals and Democrats for Europe
Spain,Estefanía TORRES MARTÍNEZ,131749,PODEMOS,Confederal Group of the European United Left - Nordic Green Left
Finland,Nils TORVALDS,114268,Svenska folkpartiet,Group of the Alliance of Liberals and Democrats for Europe
Czech Republic,Evžen TOŠENOVSKÝ,96713,Občanská demokratická strana,European Conservatives and Reformists Group
Germany,Ulrike TREBESIUS,124829,Liberal-Conservative Refomists,European Conservatives and Reformists Group
Spain,Ramon TREMOSA i BALCELLS,97203,Partit Demòcrata Europeu i Català,Group of the Alliance of Liberals and Democrats for Europe
France,Mylène TROSZCZYNSKI,124758,Front national,Europe of Nations and Freedom Group
Germany,Helga TRÜPEL,28240,Bündnis 90/Die Grünen,Group of the Greens/European Free Alliance
Romania,Mihai ŢURCANU,131750,Partidul Naţional Liberal,Group of the European People's Party (Christian Democrats)
Luxembourg,Claude TURMES,4432,Déi Gréng - Les Verts,Group of the Greens/European Free Alliance
Poland,Kazimierz Michał UJAZDOWSKI,23791,Prawo i Sprawiedliwość,European Conservatives and Reformists Group
Hungary,István UJHELYI,124705,Magyar Szocialista Párt,Group of the Progressive Alliance of Socialists and Democrats in the European Parliament
Sweden,Marita ULVSKOG,96672,Arbetarepartiet- Socialdemokraterna,Group of the Progressive Alliance of Socialists and Democrats in the European Parliament
Romania,Traian UNGUREANU,96835,Partidul Naţional Liberal,Group of the European People's Party (Christian Democrats)
Spain,Miguel URBÁN CRESPO,131507,PODEMOS,Confederal Group of the European United Left - Nordic Green Left
Spain,Ernest URTASUN,124972,Iniciativa per Catalunya Verds,Group of the Greens/European Free Alliance
Bulgaria,Vladimir URUTCHEV,38601,Citizens for European Development of Bulgaria,Group of the European People's Party (Christian Democrats)
Lithuania,Viktor USPASKICH,96698,Darbo partija,Group of the Alliance of Liberals and Democrats for Europe
Latvia,Inese VAIDERE,28617,"Partija ""VIENOTĪBA""",Group of the European People's Party (Christian Democrats)
Slovenia,Ivo VAJGL,97019,DeSUS - Demokratična Stranka Upokojencev Slovenije,Group of the Alliance of Liberals and Democrats for Europe
Spain,Ramón Luis VALCÁRCEL SISO,125032,Partido Popular,Group of the European People's Party (Christian Democrats)
Romania,Adina-Ioana VĂLEAN,37324,Partidul Naţional Liberal,Group of the European People's Party (Christian Democrats)
Spain,Elena VALENCIANO,4334,Partido Socialista Obrero Español,Group of the Progressive Alliance of Socialists and Democrats in the European Parliament
Sweden,Bodil VALERO,124993,Miljöpartiet de gröna,Group of the Greens/European Free Alliance
Italy,Marco VALLI,124778,Movimento 5 Stelle,Europe of Freedom and Direct Democracy Group
Spain,Ángela VALLINA,125050,Izquierda Unida,Confederal Group of the European United Left - Nordic Green Left
Austria,Monika VANA,124934,Die Grünen - Die Grüne Alternative,Group of the Greens/European Free Alliance
Belgium,Anneleen VAN BOSSUYT,117491,Nieuw-Vlaamse Alliantie,European Conservatives and Reformists Group
Belgium,Kathleen VAN BREMPT,5729,Socialistische Partij.Anders,Group of the Progressive Alliance of Socialists and Democrats in the European Parliament
Belgium,Tom VANDENKENDELAERE,129164,Christen-Democratisch & Vlaams,Group of the European People's Party (Christian Democrats)
United Kingdom,Geoffrey VAN ORDEN,4513,Conservative Party,European Conservatives and Reformists Group
United Kingdom,Derek VAUGHAN,96918,Labour Party,Group of the Progressive Alliance of Socialists and Democrats in the European Parliament
Belgium,Hilde VAUTMANS,130100,Open Vlaamse Liberalen en Democraten,Group of the Alliance of Liberals and Democrats for Europe
Finland,Paavo VÄYRYNEN,2128,Suomen Keskusta,Group of the Alliance of Liberals and Democrats for Europe
France,Marie-Christine VERGIAT,96858,Front de Gauche,Confederal Group of the European United Left - Nordic Green Left
Germany,Sabine VERHEYEN,96756,Christlich Demokratische Union Deutschlands,Group of the European People's Party (Christian Democrats)
Belgium,Guy VERHOFSTADT,97058,Open Vlaamse Liberalen en Democraten,Group of the Alliance of Liberals and Democrats for Europe
Portugal,Miguel VIEGAS,125100,Partido Comunista Português,Confederal Group of the European United Left - Nordic Green Left
Austria,Harald VILIMSKY,125001,Freiheitliche Partei Österreichs,Europe of Nations and Freedom Group
Italy,Daniele VIOTTI,124791,Partito Democratico,Group of the Progressive Alliance of Socialists and Democrats in the European Parliament
Finland,Henna VIRKKUNEN,124726,Kansallinen Kokoomus,Group of the European People's Party (Christian Democrats)
Denmark,Anders Primdahl VISTISEN,124875,Dansk Folkeparti,European Conservatives and Reformists Group
Germany,Udo VOIGT,124832,Nationaldemokratische Partei Deutschlands,Non-attached Members
Germany,Axel VOSS,96761,Christlich Demokratische Union Deutschlands,Group of the European People's Party (Christian Democrats)
Greece,Elissavet VOZEMBERG-VRIONIDI,125065,Nea Demokratia,Group of the European People's Party (Christian Democrats)
Poland,Jarosław WAŁĘSA,96774,Platforma Obywatelska,Group of the European People's Party (Christian Democrats)
United Kingdom,Julie WARD,124963,Labour Party,Group of the Progressive Alliance of Socialists and Democrats in the European Parliament
Germany,Manfred WEBER,28229,Christlich-Soziale Union in Bayern e.V.,Group of the European People's Party (Christian Democrats)
Romania,Renate WEBER,39713,Independent,Group of the Alliance of Liberals and Democrats for Europe
Austria,Josef WEIDENHOLZER,111014,Sozialdemokratische Partei Österreichs,Group of the Progressive Alliance of Socialists and Democrats in the European Parliament
Germany,Jakob von WEIZSÄCKER,124840,Sozialdemokratische Partei Deutschlands,Group of the Progressive Alliance of Socialists and Democrats in the European Parliament
Poland,Bogdan Brunon WENTA,124903,Platforma Obywatelska,Group of the European People's Party (Christian Democrats)
Germany,Martina WERNER,124826,Sozialdemokratische Partei Deutschlands,Group of the Progressive Alliance of Socialists and Democrats in the European Parliament
Germany,Kerstin WESTPHAL,96839,Sozialdemokratische Partei Deutschlands,Group of the Progressive Alliance of Socialists and Democrats in the European Parliament
Germany,Rainer WIELAND,2323,Christlich Demokratische Union Deutschlands,Group of the European People's Party (Christian Democrats)
Belgium,Lieve WIERINCK,183022,Open Vlaamse Liberalen en Democraten,Group of the Alliance of Liberals and Democrats for Europe
Sweden,Cecilia WIKSTRÖM,96677,Liberalerna,Group of the Alliance of Liberals and Democrats for Europe
United Kingdom,Dame Glenis WILLMOTT,35743,Labour Party,Group of the Progressive Alliance of Socialists and Democrats in the European Parliament
Sweden,Kristina WINBERG,124995,Sverigedemokraterna,Europe of Freedom and Direct Democracy Group
Germany,Hermann WINKLER,96764,Christlich Demokratische Union Deutschlands,Group of the European People's Party (Christian Democrats)
Romania,Iuliu WINKLER,39725,Uniunea Democrată Maghiară din România,Group of the European People's Party (Christian Democrats)
Poland,Jadwiga WIŚNIEWSKA,124877,Prawo i Sprawiedliwość,European Conservatives and Reformists Group
Germany,Tiemo WÖLKEN,185619,Sozialdemokratische Partei Deutschlands,Group of the Progressive Alliance of Socialists and Democrats in the European Parliament
United Kingdom,Steven WOOLFE,124966,Independent,Non-attached Members
Slovakia,Anna ZÁBORSKÁ,23894,Kresťanskodemokratické hnutie,Group of the European People's Party (Christian Democrats)
Greece,Theodoros ZAGORAKIS,125067,Nea Demokratia,Group of the European People's Party (Christian Democrats)
Czech Republic,Jan ZAHRADIL,23712,Občanská demokratická strana,European Conservatives and Reformists Group
Slovakia,Boris ZALA,96656,SMER-Sociálna demokracia,Group of the Progressive Alliance of Socialists and Democrats in the European Parliament
Italy,Marco ZANNI,124780,Independent,Europe of Nations and Freedom Group
Italy,Flavio ZANONATO,124800,Articolo UNO – Movimento Democratico e Progressista,Group of the Progressive Alliance of Socialists and Democrats in the European Parliament
Greece,Sotirios ZARIANOPOULOS,125090,Communist Party of Greece,Non-attached Members
Latvia,Tatjana ŽDANOKA,28619,Latvijas Krievu savienība,Group of the Greens/European Free Alliance
Czech Republic,Tomáš ZDECHOVSKÝ,124713,Křesťanská a demokratická unie - Československá strana lidová,Group of the European People's Party (Christian Democrats)
Poland,Bogdan Andrzej ZDROJEWSKI,124893,Platforma Obywatelska,Group of the European People's Party (Christian Democrats)
Germany,Joachim ZELLER,96762,Christlich Demokratische Union Deutschlands,Group of the European People's Party (Christian Democrats)
Poland,Janusz ZEMKE,96784,Sojusz Lewicy Demokratycznej - Unia Pracy,Group of the Progressive Alliance of Socialists and Democrats in the European Parliament
Netherlands,Auke ZIJLSTRA,103246,Partij voor de Vrijheid,Europe of Nations and Freedom Group
Latvia,Roberts ZĪLE,28615,"Nacionālā apvienība ""Visu Latvijai!""-""Tēvzemei un Brīvībai/LNNK""",European Conservatives and Reformists Group
Germany,Gabriele ZIMMER,28248,DIE LINKE.,Confederal Group of the European United Left - Nordic Green Left
Slovakia,Jana ŽITŇANSKÁ,124901,NOVA,European Conservatives and Reformists Group
Poland,Kosma ZŁOTOWSKI,124884,Prawo i Sprawiedliwość,European Conservatives and Reformists Group
Italy,Damiano ZOFFOLI,131051,Partito Democratico,Group of the Progressive Alliance of Socialists and Democrats in the European Parliament
Poland,Stanisław ŻÓŁTEK,124902,Kongres Nowej Prawicy,Europe of Nations and Freedom Group
Portugal,Carlos ZORRINHO,124739,Partido Socialista,Group of the Progressive Alliance of Socialists and Democrats in the European Parliament
Croatia,Željana ZOVKO,185341,Hrvatska demokratska zajednica,Group of the European People's Party (Christian Democrats)
Italy,Marco ZULLO,125237,Movimento 5 Stelle,Europe of Freedom and Direct Democracy Group
Slovenia,Milan ZVER,96933,Slovenska demokratska stranka,Group of the European People's Party (Christian Democrats)
Poland,Tadeusz ZWIEFKA,28301,Platforma Obywatelska,Group of the European People's Party (Christian Democrats)
